nativeAA,resnum,isoform
M,1,A
P,2,A
V,3,A
R,4,A
R,5,A
G,6,A
H,7,A
V,8,A
A,9,A
P,10,A
Q,11,A
N,12,A
T,13,A
F,14,A
L,15,A
D,16,A
T,17,A
I,18,A
I,19,A
R,20,A
K,21,A
F,22,A
E,23,A
G,24,A
Q,25,A
S,26,A
R,27,A
K,28,A
F,29,A
I,30,A
I,31,A
A,32,A
N,33,A
A,34,A
R,35,A
V,36,A
E,37,A
N,38,A
C,39,A
A,40,A
V,41,A
I,42,A
Y,43,A
C,44,A
N,45,A
D,46,A
G,47,A
F,48,A
C,49,A
E,50,A
L,51,A
C,52,A
G,53,A
Y,54,A
S,55,A
R,56,A
A,57,A
E,58,A
V,59,A
M,60,A
Q,61,A
R,62,A
P,63,A
C,64,A
T,65,A
C,66,A
D,67,A
F,68,A
L,69,A
H,70,A
G,71,A
P,72,A
R,73,A
T,74,A
Q,75,A
R,76,A
R,77,A
A,78,A
A,79,A
A,80,A
Q,81,A
I,82,A
A,83,A
Q,84,A
A,85,A
L,86,A
L,87,A
G,88,A
A,89,A
E,90,A
E,91,A
R,92,A
K,93,A
V,94,A
E,95,A
I,96,A
A,97,A
F,98,A
Y,99,A
R,100,A
K,101,A
D,102,A
G,103,A
S,104,A
C,105,A
F,106,A
L,107,A
C,108,A
L,109,A
V,110,A
D,111,A
V,112,A
V,113,A
P,114,A
V,115,A
K,116,A
N,117,A
E,118,A
D,119,A
G,120,A
A,121,A
V,122,A
I,123,A
M,124,A
F,125,A
I,126,A
L,127,A
N,128,A
F,129,A
E,130,A
V,131,A
V,132,A
M,133,A
E,134,A
K,135,A
D,136,A
M,137,A
V,138,A
G,139,A
S,140,A
P,141,A
A,142,A
H,143,A
D,144,A
T,145,A
N,146,A
H,147,A
R,148,A
G,149,A
P,150,A
P,151,A
T,152,A
S,153,A
W,154,A
L,155,A
A,156,A
P,157,A
G,158,A
R,159,A
A,160,A
K,161,A
T,162,A
F,163,A
R,164,A
L,165,A
K,166,A
L,167,A
P,168,A
A,169,A
L,170,A
L,171,A
A,172,A
L,173,A
T,174,A
A,175,A
R,176,A
E,177,A
S,178,A
S,179,A
V,180,A
R,181,A
S,182,A
G,183,A
G,184,A
A,185,A
G,186,A
G,187,A
A,188,A
G,189,A
A,190,A
P,191,A
G,192,A
A,193,A
V,194,A
V,195,A
V,196,A
D,197,A
V,198,A
D,199,A
L,200,A
T,201,A
P,202,A
A,203,A
A,204,A
P,205,A
S,206,A
S,207,A
E,208,A
S,209,A
L,210,A
A,211,A
L,212,A
D,213,A
E,214,A
V,215,A
T,216,A
A,217,A
M,218,A
D,219,A
N,220,A
H,221,A
V,222,A
A,223,A
G,224,A
L,225,A
G,226,A
P,227,A
A,228,A
E,229,A
E,230,A
R,231,A
R,232,A
A,233,A
L,234,A
V,235,A
G,236,A
P,237,A
G,238,A
S,239,A
P,240,A
P,241,A
R,242,A
S,243,A
A,244,A
P,245,A
G,246,A
Q,247,A
L,248,A
P,249,A
S,250,A
P,251,A
R,252,A
A,253,A
H,254,A
S,255,A
L,256,A
N,257,A
P,258,A
D,259,A
A,260,A
S,261,A
G,262,A
S,263,A
S,264,A
C,265,A
S,266,A
L,267,A
A,268,A
R,269,A
T,270,A
R,271,A
S,272,A
R,273,A
E,274,A
S,275,A
C,276,A
A,277,A
S,278,A
V,279,A
R,280,A
R,281,A
A,282,A
S,283,A
S,284,A
A,285,A
D,286,A
D,287,A
I,288,A
E,289,A
A,290,A
M,291,A
R,292,A
A,293,A
G,294,A
V,295,A
L,296,A
P,297,A
P,298,A
P,299,A
P,300,A
R,301,A
H,302,A
A,303,A
S,304,A
T,305,A
G,306,A
A,307,A
M,308,A
H,309,A
P,310,A
L,311,A
R,312,A
S,313,A
G,314,A
L,315,A
L,316,A
N,317,A
S,318,A
T,319,A
S,320,A
D,321,A
S,322,A
D,323,A
L,324,A
V,325,A
R,326,A
Y,327,A
R,328,A
T,329,A
I,330,A
S,331,A
K,332,A
I,333,A
P,334,A
Q,335,A
I,336,A
T,337,A
L,338,A
N,339,A
F,340,A
V,341,A
D,342,A
L,343,A
K,344,A
G,345,A
D,346,A
P,347,A
F,348,A
L,349,A
A,350,A
S,351,A
P,352,A
T,353,A
S,354,A
D,355,A
R,356,A
E,357,A
I,358,A
I,359,A
A,360,A
P,361,A
K,362,A
I,363,A
K,364,A
E,365,A
R,366,A
T,367,A
H,368,A
N,369,A
V,370,A
T,371,A
E,372,A
K,373,A
V,374,A
T,375,A
Q,376,A
V,377,A
L,378,A
S,379,A
L,380,A
G,381,A
A,382,A
D,383,A
V,384,A
L,385,A
P,386,A
E,387,A
Y,388,A
K,389,A
L,390,A
Q,391,A
A,392,A
P,393,A
R,394,A
I,395,A
H,396,A
R,397,A
W,398,A
T,399,A
I,400,A
L,401,A
H,402,A
Y,403,A
S,404,A
P,405,A
F,406,A
K,407,A
A,408,A
V,409,A
W,410,A
D,411,A
W,412,A
L,413,A
I,414,A
L,415,A
L,416,A
L,417,A
V,418,A
I,419,A
Y,420,A
T,421,A
A,422,A
V,423,A
F,424,A
T,425,A
P,426,A
Y,427,A
S,428,A
A,429,A
A,430,A
F,431,A
L,432,A
L,433,A
K,434,A
E,435,A
T,436,A
E,437,A
E,438,A
G,439,A
P,440,A
P,441,A
A,442,A
T,443,A
E,444,A
C,445,A
G,446,A
Y,447,A
A,448,A
C,449,A
Q,450,A
P,451,A
L,452,A
A,453,A
V,454,A
V,455,A
D,456,A
L,457,A
I,458,A
V,459,A
D,460,A
I,461,A
M,462,A
F,463,A
I,464,A
V,465,A
D,466,A
I,467,A
L,468,A
I,469,A
N,470,A
F,471,A
R,472,A
T,473,A
T,474,A
Y,475,A
V,476,A
N,477,A
A,478,A
N,479,A
E,480,A
E,481,A
V,482,A
V,483,A
S,484,A
H,485,A
P,486,A
G,487,A
R,488,A
I,489,A
A,490,A
V,491,A
H,492,A
Y,493,A
F,494,A
K,495,A
G,496,A
W,497,A
F,498,A
L,499,A
I,500,A
D,501,A
M,502,A
V,503,A
A,504,A
A,505,A
I,506,A
P,507,A
F,508,A
D,509,A
L,510,A
L,511,A
I,512,A
F,513,A
G,514,A
S,515,A
G,516,A
S,517,A
E,518,A
E,519,A
L,520,A
I,521,A
G,522,A
L,523,A
L,524,A
K,525,A
T,526,A
A,527,A
R,528,A
L,529,A
L,530,A
R,531,A
L,532,A
V,533,A
R,534,A
V,535,A
A,536,A
R,537,A
K,538,A
L,539,A
D,540,A
R,541,A
Y,542,A
S,543,A
E,544,A
Y,545,A
G,546,A
A,547,A
A,548,A
V,549,A
L,550,A
F,551,A
L,552,A
L,553,A
M,554,A
C,555,A
T,556,A
F,557,A
A,558,A
L,559,A
I,560,A
A,561,A
H,562,A
W,563,A
L,564,A
A,565,A
C,566,A
I,567,A
W,568,A
Y,569,A
A,570,A
I,571,A
G,572,A
N,573,A
M,574,A
E,575,A
Q,576,A
P,577,A
H,578,A
M,579,A
D,580,A
S,581,A
R,582,A
I,583,A
G,584,A
W,585,A
L,586,A
H,587,A
N,588,A
L,589,A
G,590,A
D,591,A
Q,592,A
I,593,A
G,594,A
K,595,A
P,596,A
Y,597,A
N,598,A
S,599,A
S,600,A
G,601,A
L,602,A
G,603,A
G,604,A
P,605,A
S,606,A
I,607,A
K,608,A
D,609,A
K,610,A
Y,611,A
V,612,A
T,613,A
A,614,A
L,615,A
Y,616,A
F,617,A
T,618,A
F,619,A
S,620,A
S,621,A
L,622,A
T,623,A
S,624,A
V,625,A
G,626,A
F,627,A
G,628,A
N,629,A
V,630,A
S,631,A
P,632,A
N,633,A
T,634,A
N,635,A
S,636,A
E,637,A
K,638,A
I,639,A
F,640,A
S,641,A
I,642,A
C,643,A
V,644,A
M,645,A
L,646,A
I,647,A
G,648,A
S,649,A
L,650,A
M,651,A
Y,652,A
A,653,A
S,654,A
I,655,A
F,656,A
G,657,A
N,658,A
V,659,A
S,660,A
A,661,A
I,662,A
I,663,A
Q,664,A
R,665,A
L,666,A
Y,667,A
S,668,A
G,669,A
T,670,A
A,671,A
R,672,A
Y,673,A
H,674,A
T,675,A
Q,676,A
M,677,A
L,678,A
R,679,A
V,680,A
R,681,A
E,682,A
F,683,A
I,684,A
R,685,A
F,686,A
H,687,A
Q,688,A
I,689,A
P,690,A
N,691,A
P,692,A
L,693,A
R,694,A
Q,695,A
R,696,A
L,697,A
E,698,A
E,699,A
Y,700,A
F,701,A
Q,702,A
H,703,A
A,704,A
W,705,A
S,706,A
Y,707,A
T,708,A
N,709,A
G,710,A
I,711,A
D,712,A
M,713,A
N,714,A
A,715,A
V,716,A
L,717,A
K,718,A
G,719,A
F,720,A
P,721,A
E,722,A
C,723,A
L,724,A
Q,725,A
A,726,A
D,727,A
I,728,A
C,729,A
L,730,A
H,731,A
L,732,A
N,733,A
R,734,A
S,735,A
L,736,A
L,737,A
Q,738,A
H,739,A
C,740,A
K,741,A
P,742,A
F,743,A
R,744,A
G,745,A
A,746,A
T,747,A
K,748,A
G,749,A
C,750,A
L,751,A
R,752,A
A,753,A
L,754,A
A,755,A
M,756,A
K,757,A
F,758,A
K,759,A
T,760,A
T,761,A
H,762,A
A,763,A
P,764,A
P,765,A
G,766,A
D,767,A
T,768,A
L,769,A
V,770,A
H,771,A
A,772,A
G,773,A
D,774,A
L,775,A
L,776,A
T,777,A
A,778,A
L,779,A
Y,780,A
F,781,A
I,782,A
S,783,A
R,784,A
G,785,A
S,786,A
I,787,A
E,788,A
I,789,A
L,790,A
R,791,A
G,792,A
D,793,A
V,794,A
V,795,A
V,796,A
A,797,A
I,798,A
L,799,A
G,800,A
K,801,A
N,802,A
D,803,A
I,804,A
F,805,A
G,806,A
E,807,A
P,808,A
L,809,A
N,810,A
L,811,A
Y,812,A
A,813,A
R,814,A
P,815,A
G,816,A
K,817,A
S,818,A
N,819,A
G,820,A
D,821,A
V,822,A
R,823,A
A,824,A
L,825,A
T,826,A
Y,827,A
C,828,A
D,829,A
L,830,A
H,831,A
K,832,A
I,833,A
H,834,A
R,835,A
D,836,A
D,837,A
L,838,A
L,839,A
E,840,A
V,841,A
L,842,A
D,843,A
M,844,A
Y,845,A
P,846,A
E,847,A
F,848,A
S,849,A
D,850,A
H,851,A
F,852,A
W,853,A
S,854,A
S,855,A
L,856,A
E,857,A
I,858,A
T,859,A
F,860,A
N,861,A
L,862,A
R,863,A
D,864,A
T,865,A
N,866,A
M,867,A
I,868,A
P,869,A
G,870,A
S,871,A
P,872,A
G,873,A
S,874,A
T,875,A
E,876,A
L,877,A
E,878,A
G,879,A
G,880,A
F,881,A
S,882,A
R,883,A
Q,884,A
R,885,A
K,886,A
R,887,A
K,888,A
L,889,A
S,890,A
F,891,A
R,892,A
R,893,A
R,894,A
T,895,A
D,896,A
K,897,A
D,898,A
T,899,A
E,900,A
Q,901,A
P,902,A
G,903,A
E,904,A
V,905,A
S,906,A
A,907,A
L,908,A
G,909,A
P,910,A
G,911,A
R,912,A
A,913,A
G,914,A
A,915,A
G,916,A
P,917,A
S,918,A
S,919,A
R,920,A
G,921,A
R,922,A
P,923,A
G,924,A
G,925,A
P,926,A
W,927,A
G,928,A
E,929,A
S,930,A
P,931,A
S,932,A
S,933,A
G,934,A
P,935,A
S,936,A
S,937,A
P,938,A
E,939,A
S,940,A
S,941,A
E,942,A
D,943,A
E,944,A
G,945,A
P,946,A
G,947,A
R,948,A
S,949,A
S,950,A
S,951,A
P,952,A
L,953,A
R,954,A
L,955,A
V,956,A
P,957,A
F,958,A
S,959,A
S,960,A
P,961,A
R,962,A
P,963,A
P,964,A
G,965,A
E,966,A
P,967,A
P,968,A
G,969,A
G,970,A
E,971,A
P,972,A
L,973,A
M,974,A
E,975,A
D,976,A
C,977,A
E,978,A
K,979,A
S,980,A
S,981,A
D,982,A
T,983,A
C,984,A
N,985,A
P,986,A
L,987,A
S,988,A
G,989,A
A,990,A
F,991,A
S,992,A
G,993,A
V,994,A
S,995,A
N,996,A
I,997,A
F,998,A
S,999,A
F,1000,A
W,1001,A
G,1002,A
D,1003,A
S,1004,A
R,1005,A
G,1006,A
R,1007,A
Q,1008,A
Y,1009,A
Q,1010,A
E,1011,A
L,1012,A
P,1013,A
R,1014,A
C,1015,A
P,1016,A
A,1017,A
P,1018,A
T,1019,A
P,1020,A
S,1021,A
L,1022,A
L,1023,A
N,1024,A
I,1025,A
P,1026,A
L,1027,A
S,1028,A
S,1029,A
P,1030,A
G,1031,A
R,1032,A
R,1033,A
P,1034,A
R,1035,A
G,1036,A
D,1037,A
V,1038,A
E,1039,A
S,1040,A
R,1041,A
L,1042,A
D,1043,A
A,1044,A
L,1045,A
Q,1046,A
R,1047,A
Q,1048,A
L,1049,A
N,1050,A
R,1051,A
L,1052,A
E,1053,A
T,1054,A
R,1055,A
L,1056,A
S,1057,A
A,1058,A
D,1059,A
M,1060,A
A,1061,A
T,1062,A
V,1063,A
L,1064,A
Q,1065,A
L,1066,A
L,1067,A
Q,1068,A
R,1069,A
Q,1070,A
M,1071,A
T,1072,A
L,1073,A
V,1074,A
P,1075,A
P,1076,A
A,1077,A
Y,1078,A
S,1079,A
A,1080,A
V,1081,A
T,1082,A
T,1083,A
P,1084,A
G,1085,A
P,1086,A
G,1087,A
P,1088,A
T,1089,A
S,1090,A
T,1091,A
S,1092,A
P,1093,A
L,1094,A
L,1095,A
P,1096,A
V,1097,A
S,1098,A
P,1099,A
L,1100,A
P,1101,A
T,1102,A
L,1103,A
T,1104,A
L,1105,A
D,1106,A
S,1107,A
L,1108,A
S,1109,A
Q,1110,A
V,1111,A
S,1112,A
Q,1113,A
F,1114,A
M,1115,A
A,1116,A
C,1117,A
E,1118,A
E,1119,A
L,1120,A
P,1121,A
P,1122,A
G,1123,A
A,1124,A
P,1125,A
E,1126,A
L,1127,A
P,1128,A
Q,1129,A
E,1130,A
G,1131,A
P,1132,A
T,1133,A
R,1134,A
R,1135,A
L,1136,A
S,1137,A
L,1138,A
P,1139,A
G,1140,A
Q,1141,A
L,1142,A
G,1143,A
A,1144,A
L,1145,A
T,1146,A
S,1147,A
Q,1148,A
P,1149,A
L,1150,A
H,1151,A
R,1152,A
H,1153,A
G,1154,A
S,1155,A
D,1156,A
P,1157,A
G,1158,A
S,1159,A
